PRAGMA defer_foreign_keys = TRUE;
PRAGMA foreign_keys = OFF;
INSERT INTO courses (id, title, description, cover_url, difficulty, price_cents, created_at) VALUES ('69cf2cd900277b743928', 'Piano Video 1', NULL, NULL, NULL, 0, 1775185114024) ON CONFLICT DO NOTHING;
INSERT INTO lessons (id, course_id, title, order_index, project_id, created_at) VALUES ('69cf2cde0024bad89e7d', '69cf2cd900277b743928', 'Lesson 1', 0, NULL, 1775185119042) ON CONFLICT DO NOTHING;
INSERT INTO enrollments (id, user_id, course_id, enrolled_at) VALUES ('69cf2d710031e73de988', '69babe340036bc7cdebe', '69cf2cd900277b743928', 1775185266528) ON CONFLICT DO NOTHING;
INSERT INTO classrooms (id, teacher_id, name, description, cover_image, instrument_focus, level, course_id, class_code, status, created_at) VALUES ('69cd7bf500327e3a092e', '69babe340036bc7cdebe', 'Piano 1', '', NULL, 'Piano', 'beginner', NULL, 'DBU3LL', 'active', 1775074294248) ON CONFLICT DO NOTHING;
INSERT INTO classrooms (id, teacher_id, name, description, cover_image, instrument_focus, level, course_id, class_code, status, created_at) VALUES ('69cd7e8500377ec54eae', '69babe340036bc7cdebe', 'Piano 2', '', NULL, '', '', NULL, '97YPPT', 'active', 1775074950120) ON CONFLICT DO NOTHING;
INSERT INTO classrooms (id, teacher_id, name, description, cover_image, instrument_focus, level, course_id, class_code, status, created_at) VALUES ('69cf294b001d96f3040a', '69babe340036bc7cdebe', 'Piano 3', '', NULL, '', '', NULL, 'ECDJHR', 'active', 1775184203840) ON CONFLICT DO NOTHING;
INSERT INTO classroom_members (id, classroom_id, user_id, user_name, role, status, joined_at) VALUES ('69cd7bf60016458794bb', '69cd7bf500327e3a092e', '69babe340036bc7cdebe', 'Kang', 'teacher', 'active', 1775074294356) ON CONFLICT DO NOTHING;
INSERT INTO classroom_members (id, classroom_id, user_id, user_name, role, status, joined_at) VALUES ('69cd7e6600205d4953ad', '69cd7bf500327e3a092e', '69baf4d1002540488a64', 'Duy', 'student', 'active', 1775074918517) ON CONFLICT DO NOTHING;
INSERT INTO classroom_members (id, classroom_id, user_id, user_name, role, status, joined_at) VALUES ('69cd7e86000e25979213', '69cd7e8500377ec54eae', '69babe340036bc7cdebe', 'Kang', 'teacher', 'active', 1775074950226) ON CONFLICT DO NOTHING;
INSERT INTO classroom_members (id, classroom_id, user_id, user_name, role, status, joined_at) VALUES ('69cd81160038c38da08d', '69cd7e8500377ec54eae', '69baf4d1002540488a64', 'Kang3AN', 'student', 'active', 1775075606908) ON CONFLICT DO NOTHING;
INSERT INTO classroom_members (id, classroom_id, user_id, user_name, role, status, joined_at) VALUES ('69cf294c00002bdc28b5', '69cf294b001d96f3040a', '69babe340036bc7cdebe', 'Kang', 'teacher', 'active', 1775184204002) ON CONFLICT DO NOTHING;
INSERT INTO classroom_members (id, classroom_id, user_id, user_name, role, status, joined_at) VALUES ('69cf29a2000500ec99c4', '69cf294b001d96f3040a', '69baf4d1002540488a64', 'Kang3AN', 'student', 'active', 1775184290080) ON CONFLICT DO NOTHING;
INSERT INTO classroom_invites (id, code, classroom_id, course_id, teacher_id, student_name, status, used_by_id, expires_at, created_at) VALUES ('69cd7ca9000f764c61f9', 'INV-69CD-7CA9', '69cd7bf500327e3a092e', NULL, '69babe340036bc7cdebe', 'Duy', 'used', '69baf4d1002540488a64', 1775679273247, 1775074473608) ON CONFLICT DO NOTHING;
INSERT INTO assignments (id, classroom_id, title, description, source_type, source_id, sheet_music_id, type, wait_mode_required, deadline, created_at) VALUES ('69cee3ca002354c1f6ea', '69cd7bf500327e3a092e', 'Test 1', '', 'discover', '69c17fab003515219ca7', NULL, 'practice', 0, '2026-04-03T08:46:00.000+00:00', 1775166410913) ON CONFLICT DO NOTHING;
INSERT INTO assignments (id, classroom_id, title, description, source_type, source_id, sheet_music_id, type, wait_mode_required, deadline, created_at) VALUES ('69cf2a1b0024fb2c46bf', '69cf294b001d96f3040a', 'Đến Vì Bạn', 'Hãy luyện tốt nhé các em!', 'upload', '69bbb23500100265247e', NULL, 'practice', 1, '2026-04-03T11:46:00.000+00:00', 1775184411748) ON CONFLICT DO NOTHING;
INSERT INTO assignments (id, classroom_id, title, description, source_type, source_id, sheet_music_id, type, wait_mode_required, deadline, created_at) VALUES ('69cf2bb7002328ff2924', '69cf294b001d96f3040a', 'Bài tập', '', 'upload', '69bbb23500100265247e', NULL, 'practice', 0, NULL, 1775184823760) ON CONFLICT DO NOTHING;
INSERT INTO submissions (id, assignment_id, classroom_id, student_id, student_name, recording_file_id, accuracy, tempo, attempts, status, submitted_at, created_at) VALUES ('69cf2a7d002500f258dd', '69cf2a1b0024fb2c46bf', '69cf294b001d96f3040a', '69baf4d1002540488a64', 'Kang3AN', NULL, 0, 0, 1, 'submitted', 1775184508844, 1775184509858) ON CONFLICT DO NOTHING;
INSERT INTO submission_feedback (id, submission_id, teacher_id, teacher_name, content, grade, created_at) VALUES ('69cf2b6900014747b0ce', '69cf2a7d002500f258dd', '69babe340036bc7cdebe', 'Kang', 'Chơi chưa tốt lắm, cần cố gắng!', 10, 1775184745111) ON CONFLICT DO NOTHING;
INSERT INTO posts (id, author_id, content, attached_project_id, attached_setlist_id, visibility, classroom_id, is_pinned, reaction_like, reaction_love, reaction_haha, reaction_wow, reaction_total, comments_count, created_at) VALUES ('69bd118d002a4603911d', '69babe340036bc7cdebe', 'Mình rất thích tác phẩm này!', '69bbbf76000c2d3b00c7', NULL, 'public', NULL, 0, 0, 0, 0, 0, 0, 0, 1773998478108) ON CONFLICT DO NOTHING;
INSERT INTO posts (id, author_id, content, attached_project_id, attached_setlist_id, visibility, classroom_id, is_pinned, reaction_like, reaction_love, reaction_haha, reaction_wow, reaction_total, comments_count, created_at) VALUES ('69bd218d00316f0556cc', '69baf4d1002540488a64', 'Check out this collection: Tìm Kiếm', NULL, NULL, 'public', NULL, 0, 0, 0, 0, 0, 0, 0, 1774002574136) ON CONFLICT DO NOTHING;
INSERT INTO posts (id, author_id, content, attached_project_id, attached_setlist_id, visibility, classroom_id, is_pinned, reaction_like, reaction_love, reaction_haha, reaction_wow, reaction_total, comments_count, created_at) VALUES ('69bd27b600244e90b9df', '69baf4d1002540488a64', 'Nghe rất hay!', '69bbbf76000c2d3b00c7', NULL, 'public', NULL, 0, 0, 0, 0, 0, 0, 0, 1774004151012) ON CONFLICT DO NOTHING;
INSERT INTO posts (id, author_id, content, attached_project_id, attached_setlist_id, visibility, classroom_id, is_pinned, reaction_like, reaction_love, reaction_haha, reaction_wow, reaction_total, comments_count, created_at) VALUES ('69bffee3003929b28491', '69babe340036bc7cdebe', '🔥 I just shredded through Wait Mode and conquered Lesson 69bfbf5200059f0c4ea2!', NULL, NULL, 'public', NULL, 0, 0, 0, 0, 0, 0, 0, 1774190309390) ON CONFLICT DO NOTHING;
INSERT INTO posts (id, author_id, content, attached_project_id, attached_setlist_id, visibility, classroom_id, is_pinned, reaction_like, reaction_love, reaction_haha, reaction_wow, reaction_total, comments_count, created_at) VALUES ('69bfff3800285329408e', '69babe340036bc7cdebe', '🔥 I just shredded through Wait Mode and conquered Lesson 69bfbf71000f37f1c5eb!', NULL, NULL, 'public', NULL, 0, 0, 1, 0, 0, 1, 0, 1774190392811) ON CONFLICT DO NOTHING;
INSERT INTO posts (id, author_id, content, attached_project_id, attached_setlist_id, visibility, classroom_id, is_pinned, reaction_like, reaction_love, reaction_haha, reaction_wow, reaction_total, comments_count, created_at) VALUES ('69bfff7a0009ead3e43d', '69babe340036bc7cdebe', '🔥 I just shredded through Wait Mode and conquered Lesson 69bfbf7f001360b3152f!', NULL, NULL, 'public', NULL, 0, 0, 0, 0, 0, 0, 0, 1774190458326) ON CONFLICT DO NOTHING;
INSERT INTO posts (id, author_id, content, attached_project_id, attached_setlist_id, visibility, classroom_id, is_pinned, reaction_like, reaction_love, reaction_haha, reaction_wow, reaction_total, comments_count, created_at) VALUES ('69c0049a001911b1ef02', '69baf4d1002540488a64', '🔥 I just shredded through Wait Mode and conquered Lesson 69bfbf71000f37f1c5eb!', NULL, NULL, 'public', NULL, 0, 0, 0, 0, 0, 0, 0, 1774191771083) ON CONFLICT DO NOTHING;
INSERT INTO posts (id, author_id, content, attached_project_id, attached_setlist_id, visibility, classroom_id, is_pinned, reaction_like, reaction_love, reaction_haha, reaction_wow, reaction_total, comments_count, created_at) VALUES ('69c004c70039d721ed2f', '69baf4d1002540488a64', '🔥 I just shredded through Wait Mode and conquered Lesson 69bfbf7f001360b3152f!', NULL, NULL, 'public', NULL, 0, 0, 0, 0, 0, 0, 0, 1774191816146) ON CONFLICT DO NOTHING;
INSERT INTO posts (id, author_id, content, attached_project_id, attached_setlist_id, visibility, classroom_id, is_pinned, reaction_like, reaction_love, reaction_haha, reaction_wow, reaction_total, comments_count, created_at) VALUES ('69c0051b00384da67f60', '69baf4d1002540488a64', '🔥 I just shredded through Wait Mode and conquered Lesson 69c00365003a86b2fc85!', NULL, NULL, 'public', NULL, 0, 0, 0, 0, 0, 0, 0, 1774191900038) ON CONFLICT DO NOTHING;
INSERT INTO posts (id, author_id, content, attached_project_id, attached_setlist_id, visibility, classroom_id, is_pinned, reaction_like, reaction_love, reaction_haha, reaction_wow, reaction_total, comments_count, created_at) VALUES ('69c0577c00364c3f4f9b', '69babe340036bc7cdebe', 'Test', '69bcd7ef002eff919847', NULL, 'public', NULL, 0, 0, 0, 0, 0, 0, 0, 1774212989217) ON CONFLICT DO NOTHING;
INSERT INTO posts (id, author_id, content, attached_project_id, attached_setlist_id, visibility, classroom_id, is_pinned, reaction_like, reaction_love, reaction_haha, reaction_wow, reaction_total, comments_count, created_at) VALUES ('69c51d03002c2015195c', '69babe340036bc7cdebe', 'Mỗi ngày là một ngày mới!', NULL, NULL, 'public', NULL, 0, 1, 0, 0, 0, 1, 0, 1774525700219) ON CONFLICT DO NOTHING;
INSERT INTO posts (id, author_id, content, attached_project_id, attached_setlist_id, visibility, classroom_id, is_pinned, reaction_like, reaction_love, reaction_haha, reaction_wow, reaction_total, comments_count, created_at) VALUES ('69cdf8c4001465dcfd0e', '69babe340036bc7cdebe', 'Tốt đấy!', NULL, NULL, 'followers', NULL, 0, 0, 0, 1, 0, 1, 2, 1775106244790) ON CONFLICT DO NOTHING;
INSERT INTO posts (id, author_id, content, attached_project_id, attached_setlist_id, visibility, classroom_id, is_pinned, reaction_like, reaction_love, reaction_haha, reaction_wow, reaction_total, comments_count, created_at) VALUES ('69cdfcd8003d2d7bc979', '69babe340036bc7cdebe', 'Test reactions', NULL, NULL, 'followers', NULL, 0, 1, 1, 0, 0, 2, 0, 1775107289152) ON CONFLICT DO NOTHING;
INSERT INTO comments (id, post_id, author_id, content, created_at) VALUES ('69bd1a7500158478b814', '69bd118d002a4603911d', '69baf4d1002540488a64', 'Rất tuyệt vời!', 1774000757709) ON CONFLICT DO NOTHING;
INSERT INTO comments (id, post_id, author_id, content, created_at) VALUES ('69bd1aac003dfb4bfb69', '69bd118d002a4603911d', '69babe340036bc7cdebe', 'Yeah đúng thế, rất tuyệt!', 1774000813340) ON CONFLICT DO NOTHING;
INSERT INTO comments (id, post_id, author_id, content, created_at) VALUES ('69c51bd9000e47e83ec0', '69c0577c00364c3f4f9b', '69baf4d1002540488a64', 'Hay lắm!', 1774525401665) ON CONFLICT DO NOTHING;
INSERT INTO comments (id, post_id, author_id, content, created_at) VALUES ('69c51d390005a3eb74b6', '69c51d03002c2015195c', '69baf4d1002540488a64', 'test comment', 1774525753235) ON CONFLICT DO NOTHING;
INSERT INTO comments (id, post_id, author_id, content, created_at) VALUES ('69c51d5e00020853d28f', '69c51d03002c2015195c', '69baf4d1002540488a64', 'Test comment 2', 1774525790175) ON CONFLICT DO NOTHING;
INSERT INTO comments (id, post_id, author_id, content, created_at) VALUES ('69c51dde00242e4139a8', '69c51d03002c2015195c', '69baf4d1002540488a64', 'Test comment 3', 1774525918716) ON CONFLICT DO NOTHING;
INSERT INTO comments (id, post_id, author_id, content, created_at) VALUES ('69c5209b000a6690ef6f', '69c0577c00364c3f4f9b', '69baf4d1002540488a64', 'Comment 2', 1774526619317) ON CONFLICT DO NOTHING;
INSERT INTO comments (id, post_id, author_id, content, created_at) VALUES ('69cdf8f600088773f875', '69cdf8c4001465dcfd0e', '69babe340036bc7cdebe', 'Test comment', 1775106294589) ON CONFLICT DO NOTHING;
INSERT INTO comments (id, post_id, author_id, content, created_at) VALUES ('69cdf91f0036dddb813f', '69cdf8c4001465dcfd0e', '69babe340036bc7cdebe', 'Ok, good!', 1775106336041) ON CONFLICT DO NOTHING;
INSERT INTO reactions (id, user_id, type, post_id, comment_id, project_id, setlist_id, created_at) VALUES ('69bd1b3a001a85dbfe89', '69babe340036bc7cdebe', 'like', '69bd118d002a4603911d', NULL, NULL, NULL, 1774000954847) ON CONFLICT DO NOTHING;
INSERT INTO reactions (id, user_id, type, post_id, comment_id, project_id, setlist_id, created_at) VALUES ('69bd1d1f00391045b931', '69baf4d1002540488a64', 'like', '69bd118d002a4603911d', NULL, NULL, NULL, 1774001440050) ON CONFLICT DO NOTHING;
INSERT INTO reactions (id, user_id, type, post_id, comment_id, project_id, setlist_id, created_at) VALUES ('69c51bca002247033410', '69baf4d1002540488a64', 'like', '69c0577c00364c3f4f9b', NULL, NULL, NULL, 1774525386977) ON CONFLICT DO NOTHING;
INSERT INTO reactions (id, user_id, type, post_id, comment_id, project_id, setlist_id, created_at) VALUES ('69c5504f0030a0e89cc7', '69babe340036bc7cdebe', 'like', '69c0577c00364c3f4f9b', NULL, NULL, NULL, 1774538832171) ON CONFLICT DO NOTHING;
INSERT INTO reactions (id, user_id, type, post_id, comment_id, project_id, setlist_id, created_at) VALUES ('69cdf71b001a04178226', '69babe340036bc7cdebe', 'like', '69c51d03002c2015195c', NULL, NULL, NULL, 1775105819573) ON CONFLICT DO NOTHING;
INSERT INTO reactions (id, user_id, type, post_id, comment_id, project_id, setlist_id, created_at) VALUES ('69cdf8ad002268b320e2', '69babe340036bc7cdebe', 'love', '69bfff3800285329408e', NULL, NULL, NULL, 1775106221713) ON CONFLICT DO NOTHING;
INSERT INTO reactions (id, user_id, type, post_id, comment_id, project_id, setlist_id, created_at) VALUES ('69cdfcc600385a06d4a4', '69baf4d1002540488a64', 'haha', '69c51d03002c2015195c', NULL, NULL, NULL, 1775107271077) ON CONFLICT DO NOTHING;
INSERT INTO reactions (id, user_id, type, post_id, comment_id, project_id, setlist_id, created_at) VALUES ('69cdfcdc001e0b173cbb', '69babe340036bc7cdebe', 'love', '69cdfcd8003d2d7bc979', NULL, NULL, NULL, 1775107292651) ON CONFLICT DO NOTHING;
INSERT INTO reactions (id, user_id, type, post_id, comment_id, project_id, setlist_id, created_at) VALUES ('69cdff28000688b89137', '69baf4d1002540488a64', 'like', '69cdfcd8003d2d7bc979', NULL, NULL, NULL, 1775107880292) ON CONFLICT DO NOTHING;
INSERT INTO reactions (id, user_id, type, post_id, comment_id, project_id, setlist_id, created_at) VALUES ('69cdff4a001c5423219e', '69babe340036bc7cdebe', 'love', '69cdf8c4001465dcfd0e', NULL, NULL, NULL, 1775107914635) ON CONFLICT DO NOTHING;
INSERT INTO reactions (id, user_id, type, post_id, comment_id, project_id, setlist_id, created_at) VALUES ('69cdff5e001c9f00059e', '69baf4d1002540488a64', 'haha', '69cdf8c4001465dcfd0e', NULL, NULL, NULL, 1775107934638) ON CONFLICT DO NOTHING;
INSERT INTO follows (id, follower_id, following_id, created_at) VALUES ('69bd19d7002f22c873e7', '69baf4d1002540488a64', '69babe340036bc7cdebe', 1774000600112) ON CONFLICT DO NOTHING;
INSERT INTO favorites (id, user_id, project_id, setlist_id, course_id, wiki_artist_id, target_type_backup, created_at) VALUES ('69bd01830036ae7733d4', '69baf4d1002540488a64', '69bc4794000ed743c267', NULL, NULL, NULL, 'project', 1773994372215) ON CONFLICT DO NOTHING;
INSERT INTO favorites (id, user_id, project_id, setlist_id, course_id, wiki_artist_id, target_type_backup, created_at) VALUES ('69bd01850021fadfff16', '69baf4d1002540488a64', '69bc4573001a64e57fdf', NULL, NULL, NULL, 'project', 1773994373675) ON CONFLICT DO NOTHING;
INSERT INTO favorites (id, user_id, project_id, setlist_id, course_id, wiki_artist_id, target_type_backup, created_at) VALUES ('69bd01870000e910927b', '69baf4d1002540488a64', '69bc4450001e70556118', NULL, NULL, NULL, 'project', 1773994375462) ON CONFLICT DO NOTHING;
INSERT INTO favorites (id, user_id, project_id, setlist_id, course_id, wiki_artist_id, target_type_backup, created_at) VALUES ('69bd020b00308548ebf6', '69baf4d1002540488a64', '69bbbf76000c2d3b00c7', NULL, NULL, NULL, 'project', 1773994507911) ON CONFLICT DO NOTHING;
INSERT INTO favorites (id, user_id, project_id, setlist_id, course_id, wiki_artist_id, target_type_backup, created_at) VALUES ('69c791c90002f89e5d05', '69babe340036bc7cdebe', '69c17f9e0021e62f3ee2', NULL, NULL, NULL, 'project', 1774686665417) ON CONFLICT DO NOTHING;
INSERT INTO favorites (id, user_id, project_id, setlist_id, course_id, wiki_artist_id, target_type_backup, created_at) VALUES ('69c791cc001a69715d02', '69babe340036bc7cdebe', '69c17f9f001e20417405', NULL, NULL, NULL, 'project', 1774686668561) ON CONFLICT DO NOTHING;
INSERT INTO favorites (id, user_id, project_id, setlist_id, course_id, wiki_artist_id, target_type_backup, created_at) VALUES ('69c791cd003d36af0334', '69babe340036bc7cdebe', '69c17fa000267967f335', NULL, NULL, NULL, 'project', 1774686670124) ON CONFLICT DO NOTHING;
INSERT INTO favorites (id, user_id, project_id, setlist_id, course_id, wiki_artist_id, target_type_backup, created_at) VALUES ('69c791cf001419cbb71d', '69babe340036bc7cdebe', '69c17fa1003335440edb', NULL, NULL, NULL, 'project', 1774686671474) ON CONFLICT DO NOTHING;
INSERT INTO favorites (id, user_id, project_id, setlist_id, course_id, wiki_artist_id, target_type_backup, created_at) VALUES ('69c791d1000804e8147d', '69babe340036bc7cdebe', '69c17fa3000e271eace4', NULL, NULL, NULL, 'project', 1774686673277) ON CONFLICT DO NOTHING;
INSERT INTO favorites (id, user_id, project_id, setlist_id, course_id, wiki_artist_id, target_type_backup, created_at) VALUES ('69c791d2003a3fd0a396', '69babe340036bc7cdebe', '69c17fa4000eb97d6c4c', NULL, NULL, NULL, 'project', 1774686675072) ON CONFLICT DO NOTHING;
INSERT INTO favorites (id, user_id, project_id, setlist_id, course_id, wiki_artist_id, target_type_backup, created_at) VALUES ('69c9c0dc002afc08da29', '69babe340036bc7cdebe', '69c17fad00297666b725', NULL, NULL, NULL, 'project', 1774829789044) ON CONFLICT DO NOTHING;
INSERT INTO subscriptions (id, user_id, status, plan_id, current_period_end, cancel_at_period_end) VALUES ('69c3d4a5001dee18674a', '69baf4d1002540488a64', 'active', 'legacy_plan', 1777120022000, 0) ON CONFLICT DO NOTHING;