PRAGMA defer_foreign_keys = TRUE;
PRAGMA foreign_keys = OFF;
INSERT INTO setlists (id, user_id, name, description, created_at) VALUES ('69c845770024e4845b3f', '69babe340036bc7cdebe', 'Show diễn 13-05-2026', NULL, 1774732663722) ON CONFLICT(id) DO NOTHING;
INSERT INTO setlists (id, user_id, name, description, created_at) VALUES ('69c8460f0008543a9566', '69babe340036bc7cdebe', 'Test Setlist', NULL, 1774732815500) ON CONFLICT(id) DO NOTHING;
INSERT INTO user_stats (user_id, total_xp, level, current_streak, longest_streak, last_practice_date, total_practice_ms, badges) VALUES ('69baf4d1002540488a64', 0, 2, 2, 2, '2026-04-02', 3005974, '[]') ON CONFLICT(user_id) DO NOTHING;
INSERT INTO user_stats (user_id, total_xp, level, current_streak, longest_streak, last_practice_date, total_practice_ms, badges) VALUES ('69babe340036bc7cdebe', 0, 3, 6, 6, '2026-04-03', 11929043, '[]') ON CONFLICT(user_id) DO NOTHING;
INSERT INTO practice_sessions (id, user_id, project_id, started_at, completed_at, duration_ms, max_speed, wait_mode_score, flow_mode_score, input_type) VALUES ('69c8fbaf0036d662dc61', '69baf4d1002540488a64', '69bc3b05002983d9ed80', 1774777848441, 1774779311877, 1463436, 1, 100, NULL, NULL) ON CONFLICT(id) DO NOTHING;
INSERT INTO practice_sessions (id, user_id, project_id, started_at, completed_at, duration_ms, max_speed, wait_mode_score, flow_mode_score, input_type) VALUES ('69c8fd6b002a0aaa9eab', '69baf4d1002540488a64', '69bc3b05002983d9ed80', 1774779343847, 1774779755672, 411825, 1, 100, NULL, NULL) ON CONFLICT(id) DO NOTHING;
INSERT INTO practice_sessions (id, user_id, project_id, started_at, completed_at, duration_ms, max_speed, wait_mode_score, flow_mode_score, input_type) VALUES ('69c92928002335a2cc34', '69baf4d1002540488a64', '69bbbf76000c2d3b00c7', 1774790382536, 1774790952563, 570027, 1, NULL, NULL, NULL) ON CONFLICT(id) DO NOTHING;
INSERT INTO practice_sessions (id, user_id, project_id, started_at, completed_at, duration_ms, max_speed, wait_mode_score, flow_mode_score, input_type) VALUES ('69c94f64003ae0d16ffb', '69babe340036bc7cdebe', '69bbbf76000c2d3b00c7', 1774799108553, 1774800740942, 1632389, 1, NULL, NULL, NULL) ON CONFLICT(id) DO NOTHING;
INSERT INTO practice_sessions (id, user_id, project_id, started_at, completed_at, duration_ms, max_speed, wait_mode_score, flow_mode_score, input_type) VALUES ('69c98a53001259f2e1ef', '69babe340036bc7cdebe', '69bc4794000ed743c267', 1774815813953, 1774815827293, 13340, 1, NULL, NULL, NULL) ON CONFLICT(id) DO NOTHING;
INSERT INTO practice_sessions (id, user_id, project_id, started_at, completed_at, duration_ms, max_speed, wait_mode_score, flow_mode_score, input_type) VALUES ('69c9be1c0020de4e08af', '69babe340036bc7cdebe', '69bc4573001a64e57fdf', 1774828946594, 1774829084525, 137931, 1, NULL, NULL, NULL) ON CONFLICT(id) DO NOTHING;
INSERT INTO practice_sessions (id, user_id, project_id, started_at, completed_at, duration_ms, max_speed, wait_mode_score, flow_mode_score, input_type) VALUES ('69c9c13c002b3a83f5e8', '69babe340036bc7cdebe', '69c17fad00297666b725', 1774829521360, 1774829884691, 363331, 1, NULL, NULL, NULL) ON CONFLICT(id) DO NOTHING;
INSERT INTO practice_sessions (id, user_id, project_id, started_at, completed_at, duration_ms, max_speed, wait_mode_score, flow_mode_score, input_type) VALUES ('69c9c8ea001c87f3d01a', '69baf4d1002540488a64', '69bc42bb00071b0a76d1', 1774831817389, 1774831850456, 33067, 1, NULL, NULL, NULL) ON CONFLICT(id) DO NOTHING;
INSERT INTO practice_sessions (id, user_id, project_id, started_at, completed_at, duration_ms, max_speed, wait_mode_score, flow_mode_score, input_type) VALUES ('69c9cac00012b84778d4', '69baf4d1002540488a64', '69bc42bb00071b0a76d1', 1774831945297, 1774832320299, 375002, 1, NULL, NULL, NULL) ON CONFLICT(id) DO NOTHING;
INSERT INTO practice_sessions (id, user_id, project_id, started_at, completed_at, duration_ms, max_speed, wait_mode_score, flow_mode_score, input_type) VALUES ('69c9d28e000ff4cc1da6', '69baf4d1002540488a64', '69bc42bb00071b0a76d1', 1774834304410, 1774834318255, 13845, 1, NULL, NULL, NULL) ON CONFLICT(id) DO NOTHING;
INSERT INTO practice_sessions (id, user_id, project_id, started_at, completed_at, duration_ms, max_speed, wait_mode_score, flow_mode_score, input_type) VALUES ('69c9d2ad003e000eeecd', '69baf4d1002540488a64', '69bc42bb00071b0a76d1', 1774834328102, 1774834349992, 21890, 1, NULL, NULL, NULL) ON CONFLICT(id) DO NOTHING;
INSERT INTO practice_sessions (id, user_id, project_id, started_at, completed_at, duration_ms, max_speed, wait_mode_score, flow_mode_score, input_type) VALUES ('69c9d480002ea53a3067', '69baf4d1002540488a64', '69bc42bb00071b0a76d1', 1774834766355, 1774834816746, 50391, 1, NULL, NULL, NULL) ON CONFLICT(id) DO NOTHING;
INSERT INTO practice_sessions (id, user_id, project_id, started_at, completed_at, duration_ms, max_speed, wait_mode_score, flow_mode_score, input_type) VALUES ('69c9d59a0010f6306755', '69babe340036bc7cdebe', '69c17fb30019acfb76f5', 1774835005995, 1774835098271, 92276, 1, NULL, NULL, NULL) ON CONFLICT(id) DO NOTHING;
INSERT INTO practice_sessions (id, user_id, project_id, started_at, completed_at, duration_ms, max_speed, wait_mode_score, flow_mode_score, input_type) VALUES ('69c9e4820030c97c8b5f', '69babe340036bc7cdebe', '69bc410a0004e037a278', 1774838904509, 1774838914780, 10271, 1, NULL, NULL, NULL) ON CONFLICT(id) DO NOTHING;
INSERT INTO practice_sessions (id, user_id, project_id, started_at, completed_at, duration_ms, max_speed, wait_mode_score, flow_mode_score, input_type) VALUES ('69ca2f9f0001fe36245b', '69babe340036bc7cdebe', '69bc4794000ed743c267', 1774857008007, 1774858143031, 1135024, 1, NULL, NULL, NULL) ON CONFLICT(id) DO NOTHING;
INSERT INTO practice_sessions (id, user_id, project_id, started_at, completed_at, duration_ms, max_speed, wait_mode_score, flow_mode_score, input_type) VALUES ('69ca38600038ac164a10', '69babe340036bc7cdebe', '69c17fad00297666b725', 1774860309366, 1774860384906, 75540, 1, NULL, NULL, NULL) ON CONFLICT(id) DO NOTHING;
INSERT INTO practice_sessions (id, user_id, project_id, started_at, completed_at, duration_ms, max_speed, wait_mode_score, flow_mode_score, input_type) VALUES ('69ca394b0039a5aa10a9', '69babe340036bc7cdebe', '69c17fad00297666b725', 1774860519378, 1774860619922, 100544, 1, NULL, NULL, NULL) ON CONFLICT(id) DO NOTHING;
INSERT INTO practice_sessions (id, user_id, project_id, started_at, completed_at, duration_ms, max_speed, wait_mode_score, flow_mode_score, input_type) VALUES ('69ca3a620019460bab70', '69babe340036bc7cdebe', '69c17fad00297666b725', 1774860825612, 1774860898405, 72793, 1, NULL, NULL, NULL) ON CONFLICT(id) DO NOTHING;
INSERT INTO practice_sessions (id, user_id, project_id, started_at, completed_at, duration_ms, max_speed, wait_mode_score, flow_mode_score, input_type) VALUES ('69ca464200156fb2e44d', '69babe340036bc7cdebe', '69c17fad00297666b725', 1774863690414, 1774863938342, 247928, 1, NULL, NULL, NULL) ON CONFLICT(id) DO NOTHING;
INSERT INTO practice_sessions (id, user_id, project_id, started_at, completed_at, duration_ms, max_speed, wait_mode_score, flow_mode_score, input_type) VALUES ('69ca4ac90027ddbdbf98', '69babe340036bc7cdebe', '69c17fad00297666b725', 1774864018356, 1774865097637, 1079281, 1, NULL, NULL, NULL) ON CONFLICT(id) DO NOTHING;
INSERT INTO practice_sessions (id, user_id, project_id, started_at, completed_at, duration_ms, max_speed, wait_mode_score, flow_mode_score, input_type) VALUES ('69ca5cab001ab9e2958c', '69babe340036bc7cdebe', '69c17f8b00368e6a2524', 1774869490270, 1774869675427, 185157, 1, NULL, NULL, NULL) ON CONFLICT(id) DO NOTHING;
INSERT INTO practice_sessions (id, user_id, project_id, started_at, completed_at, duration_ms, max_speed, wait_mode_score, flow_mode_score, input_type) VALUES ('69ca627b0002b9c82b70', '69babe340036bc7cdebe', '69c17f8b00368e6a2524', 1774871103661, 1774871163043, 59382, 1, NULL, NULL, NULL) ON CONFLICT(id) DO NOTHING;
INSERT INTO practice_sessions (id, user_id, project_id, started_at, completed_at, duration_ms, max_speed, wait_mode_score, flow_mode_score, input_type) VALUES ('69ca63c50007454089a6', '69babe340036bc7cdebe', '69c17f8b00368e6a2524', 1774871431090, 1774871493117, 62026, 1, NULL, NULL, NULL) ON CONFLICT(id) DO NOTHING;
INSERT INTO practice_sessions (id, user_id, project_id, started_at, completed_at, duration_ms, max_speed, wait_mode_score, flow_mode_score, input_type) VALUES ('69ca661e0022f125cfe2', '69babe340036bc7cdebe', '69c17f8b00368e6a2524', 1774872051834, 1774872094559, 42725, 1, NULL, NULL, NULL) ON CONFLICT(id) DO NOTHING;
INSERT INTO practice_sessions (id, user_id, project_id, started_at, completed_at, duration_ms, max_speed, wait_mode_score, flow_mode_score, input_type) VALUES ('69ca81850001209bcf0b', '69babe340036bc7cdebe', '69c17f8b00368e6a2524', 1774879096922, 1774879109018, 12096, 1, NULL, NULL, NULL) ON CONFLICT(id) DO NOTHING;
INSERT INTO practice_sessions (id, user_id, project_id, started_at, completed_at, duration_ms, max_speed, wait_mode_score, flow_mode_score, input_type) VALUES ('69cac18c002addd167de', '69babe340036bc7cdebe', '69c17fb30019acfb76f5', 1774895473291, 1774895500685, 27394, 1, NULL, NULL, NULL) ON CONFLICT(id) DO NOTHING;
INSERT INTO practice_sessions (id, user_id, project_id, started_at, completed_at, duration_ms, max_speed, wait_mode_score, flow_mode_score, input_type) VALUES ('69cad3f5001f2db2e3f3', '69babe340036bc7cdebe', '69c17f89002859e2561b', 1774899643038, 1774900213498, 570460, 1, 100, NULL, NULL) ON CONFLICT(id) DO NOTHING;
INSERT INTO practice_sessions (id, user_id, project_id, started_at, completed_at, duration_ms, max_speed, wait_mode_score, flow_mode_score, input_type) VALUES ('69cad5c90023b34d34e3', '69babe340036bc7cdebe', '69c17f89002859e2561b', 1774900225041, 1774900681571, 456530, 1, 100, NULL, NULL) ON CONFLICT(id) DO NOTHING;
INSERT INTO practice_sessions (id, user_id, project_id, started_at, completed_at, duration_ms, max_speed, wait_mode_score, flow_mode_score, input_type) VALUES ('69cad70400089f6196ec', '69babe340036bc7cdebe', '69bbbf76000c2d3b00c7', 1774900738308, 1774900996137, 257829, 1, NULL, NULL, NULL) ON CONFLICT(id) DO NOTHING;
INSERT INTO practice_sessions (id, user_id, project_id, started_at, completed_at, duration_ms, max_speed, wait_mode_score, flow_mode_score, input_type) VALUES ('69cade5d00020c084226', '69babe340036bc7cdebe', '69bbbf76000c2d3b00c7', 1774902835666, 1774902877032, 41366, 1, NULL, NULL, NULL) ON CONFLICT(id) DO NOTHING;
INSERT INTO practice_sessions (id, user_id, project_id, started_at, completed_at, duration_ms, max_speed, wait_mode_score, flow_mode_score, input_type) VALUES ('69cadf790028c7f8d347', '69babe340036bc7cdebe', '69c17fb000155c360641', 1774902913104, 1774903161652, 248548, 1, 100, NULL, NULL) ON CONFLICT(id) DO NOTHING;
INSERT INTO practice_sessions (id, user_id, project_id, started_at, completed_at, duration_ms, max_speed, wait_mode_score, flow_mode_score, input_type) VALUES ('69cae789003510c68b2b', '69babe340036bc7cdebe', '69bc410a0004e037a278', 1774904668965, 1774905225849, 556884, 1, NULL, NULL, NULL) ON CONFLICT(id) DO NOTHING;
INSERT INTO practice_sessions (id, user_id, project_id, started_at, completed_at, duration_ms, max_speed, wait_mode_score, flow_mode_score, input_type) VALUES ('69cae8e60026f0a16410', '69babe340036bc7cdebe', '69bc410a0004e037a278', 1774905557971, 1774905574623, 16652, 1, NULL, NULL, NULL) ON CONFLICT(id) DO NOTHING;
INSERT INTO practice_sessions (id, user_id, project_id, started_at, completed_at, duration_ms, max_speed, wait_mode_score, flow_mode_score, input_type) VALUES ('69caf7e1000a4d690135', '69babe340036bc7cdebe', '69c17fb000155c360641', 1774909300518, 1774909409164, 108646, 1, NULL, NULL, NULL) ON CONFLICT(id) DO NOTHING;
INSERT INTO practice_sessions (id, user_id, project_id, started_at, completed_at, duration_ms, max_speed, wait_mode_score, flow_mode_score, input_type) VALUES ('69cb6705002d33a2fd3e', '69babe340036bc7cdebe', '69bc4794000ed743c267', 1774937706179, 1774937861723, 155544, 1, NULL, NULL, NULL) ON CONFLICT(id) DO NOTHING;
INSERT INTO practice_sessions (id, user_id, project_id, started_at, completed_at, duration_ms, max_speed, wait_mode_score, flow_mode_score, input_type) VALUES ('69cb680b001b7a6b9872', '69babe340036bc7cdebe', '69c17f9e0021e62f3ee2', 1774938002126, 1774938123439, 121313, 1, NULL, NULL, NULL) ON CONFLICT(id) DO NOTHING;
INSERT INTO practice_sessions (id, user_id, project_id, started_at, completed_at, duration_ms, max_speed, wait_mode_score, flow_mode_score, input_type) VALUES ('69cb896a002f3f87cc79', '69babe340036bc7cdebe', '69c17fad00297666b725', 1774946498940, 1774946666755, 167815, 1, NULL, NULL, NULL) ON CONFLICT(id) DO NOTHING;
INSERT INTO practice_sessions (id, user_id, project_id, started_at, completed_at, duration_ms, max_speed, wait_mode_score, flow_mode_score, input_type) VALUES ('69cb9a0f000917d54d01', '69babe340036bc7cdebe', '69badbd90022f73b87c7', 1774950876785, 1774950927145, 50360, 1, NULL, NULL, NULL) ON CONFLICT(id) DO NOTHING;
INSERT INTO practice_sessions (id, user_id, project_id, started_at, completed_at, duration_ms, max_speed, wait_mode_score, flow_mode_score, input_type) VALUES ('69cbda22003a5a8ae515', '69babe340036bc7cdebe', '69c17f9e0021e62f3ee2', 1774967233083, 1774967330933, 97850, 1, NULL, NULL, NULL) ON CONFLICT(id) DO NOTHING;
INSERT INTO practice_sessions (id, user_id, project_id, started_at, completed_at, duration_ms, max_speed, wait_mode_score, flow_mode_score, input_type) VALUES ('69cbe10900065f6ffb38', '69babe340036bc7cdebe', '69bbb23500100265247e', 1774968576218, 1774969097101, 520883, 1, NULL, NULL, NULL) ON CONFLICT(id) DO NOTHING;
INSERT INTO practice_sessions (id, user_id, project_id, started_at, completed_at, duration_ms, max_speed, wait_mode_score, flow_mode_score, input_type) VALUES ('69cbe3e700086f456a99', '69babe340036bc7cdebe', '69bbb23500100265247e', 1774969797223, 1774969831135, 33912, 1, NULL, NULL, NULL) ON CONFLICT(id) DO NOTHING;
INSERT INTO practice_sessions (id, user_id, project_id, started_at, completed_at, duration_ms, max_speed, wait_mode_score, flow_mode_score, input_type) VALUES ('69cbe77a0011428442af', '69babe340036bc7cdebe', '69bbb23500100265247e', 1774970583788, 1774970746276, 162488, 1, NULL, NULL, NULL) ON CONFLICT(id) DO NOTHING;
INSERT INTO practice_sessions (id, user_id, project_id, started_at, completed_at, duration_ms, max_speed, wait_mode_score, flow_mode_score, input_type) VALUES ('69cbe7bb003256f78f52', '69babe340036bc7cdebe', '69bbbf76000c2d3b00c7', 1774970782620, 1774970811805, 29185, 1, NULL, NULL, NULL) ON CONFLICT(id) DO NOTHING;
INSERT INTO practice_sessions (id, user_id, project_id, started_at, completed_at, duration_ms, max_speed, wait_mode_score, flow_mode_score, input_type) VALUES ('69cbe7ec00102eda598d', '69babe340036bc7cdebe', '69bc4794000ed743c267', 1774970832770, 1774970860258, 27488, 1, NULL, NULL, NULL) ON CONFLICT(id) DO NOTHING;
INSERT INTO practice_sessions (id, user_id, project_id, started_at, completed_at, duration_ms, max_speed, wait_mode_score, flow_mode_score, input_type) VALUES ('69cbed2300295af5bf40', '69babe340036bc7cdebe', '69bbb23500100265247e', 1774972119048, 1774972195661, 76613, 1, NULL, NULL, NULL) ON CONFLICT(id) DO NOTHING;
INSERT INTO practice_sessions (id, user_id, project_id, started_at, completed_at, duration_ms, max_speed, wait_mode_score, flow_mode_score, input_type) VALUES ('69cbee10002b327d0725', '69babe340036bc7cdebe', '69badbd90022f73b87c7', 1774972243281, 1774972432691, 189410, 1, NULL, NULL, NULL) ON CONFLICT(id) DO NOTHING;
INSERT INTO practice_sessions (id, user_id, project_id, started_at, completed_at, duration_ms, max_speed, wait_mode_score, flow_mode_score, input_type) VALUES ('69cbf4f5002b591e67e7', '69babe340036bc7cdebe', '69bbb23500100265247e', 1774974166662, 1774974197693, 31031, 1, NULL, NULL, NULL) ON CONFLICT(id) DO NOTHING;
INSERT INTO practice_sessions (id, user_id, project_id, started_at, completed_at, duration_ms, max_speed, wait_mode_score, flow_mode_score, input_type) VALUES ('69cc2ada0006d07b8bfc', '69babe340036bc7cdebe', '69bbb23500100265247e', 1774987748925, 1774987994109, 245184, 1, NULL, NULL, NULL) ON CONFLICT(id) DO NOTHING;
INSERT INTO practice_sessions (id, user_id, project_id, started_at, completed_at, duration_ms, max_speed, wait_mode_score, flow_mode_score, input_type) VALUES ('69cc2e76000176fa60b9', '69babe340036bc7cdebe', '69bbb23500100265247e', 1774988894836, 1774988918023, 23187, 1, NULL, NULL, NULL) ON CONFLICT(id) DO NOTHING;
INSERT INTO practice_sessions (id, user_id, project_id, started_at, completed_at, duration_ms, max_speed, wait_mode_score, flow_mode_score, input_type) VALUES ('69cc313400196d6d34cf', '69babe340036bc7cdebe', '69bbb23500100265247e', 1774989607795, 1774989620406, 12611, 1, NULL, NULL, NULL) ON CONFLICT(id) DO NOTHING;
INSERT INTO practice_sessions (id, user_id, project_id, started_at, completed_at, duration_ms, max_speed, wait_mode_score, flow_mode_score, input_type) VALUES ('69cc87fa0000e20e8038', '69babe340036bc7cdebe', '69bbb23500100265247e', 1775011651314, 1775011834014, 182700, 1, NULL, NULL, NULL) ON CONFLICT(id) DO NOTHING;
INSERT INTO practice_sessions (id, user_id, project_id, started_at, completed_at, duration_ms, max_speed, wait_mode_score, flow_mode_score, input_type) VALUES ('69cc9324001afccb389c', '69babe340036bc7cdebe', '69c17fb000155c360641', 1775014055466, 1775014692431, 636965, 1, NULL, NULL, NULL) ON CONFLICT(id) DO NOTHING;
INSERT INTO practice_sessions (id, user_id, project_id, started_at, completed_at, duration_ms, max_speed, wait_mode_score, flow_mode_score, input_type) VALUES ('69cc9c4a000ee1684958', '69babe340036bc7cdebe', '69bc410a0004e037a278', 1775016374399, 1775017034238, 659839, 1, NULL, NULL, NULL) ON CONFLICT(id) DO NOTHING;
INSERT INTO practice_sessions (id, user_id, project_id, started_at, completed_at, duration_ms, max_speed, wait_mode_score, flow_mode_score, input_type) VALUES ('69cca33100336afc7a8e', '69babe340036bc7cdebe', '69bbb23500100265247e', 1775018768351, 1775018801822, 33471, 1, NULL, 20, 'mic') ON CONFLICT(id) DO NOTHING;
INSERT INTO practice_sessions (id, user_id, project_id, started_at, completed_at, duration_ms, max_speed, wait_mode_score, flow_mode_score, input_type) VALUES ('69cca381001323360c25', '69babe340036bc7cdebe', '69bbb23500100265247e', 1775018820624, 1775018881306, 60682, 1, NULL, NULL, NULL) ON CONFLICT(id) DO NOTHING;
INSERT INTO practice_sessions (id, user_id, project_id, started_at, completed_at, duration_ms, max_speed, wait_mode_score, flow_mode_score, input_type) VALUES ('69cca5a6003cebd014c2', '69babe340036bc7cdebe', '69bbb23500100265247e', 1775019197113, 1775019430974, 233861, 1, 100, NULL, 'mic') ON CONFLICT(id) DO NOTHING;
INSERT INTO practice_sessions (id, user_id, project_id, started_at, completed_at, duration_ms, max_speed, wait_mode_score, flow_mode_score, input_type) VALUES ('69ccb97b0017d6d63bae', '69babe340036bc7cdebe', '69bbb23500100265247e', 1775024391943, 1775024507381, 115438, 1, 100, NULL, 'midi') ON CONFLICT(id) DO NOTHING;
INSERT INTO practice_sessions (id, user_id, project_id, started_at, completed_at, duration_ms, max_speed, wait_mode_score, flow_mode_score, input_type) VALUES ('69ccbc54002b749f4c40', '69baf4d1002540488a64', '69bbb23500100265247e', 1775025205720, 1775025236696, 30976, 1, NULL, NULL, 'mic') ON CONFLICT(id) DO NOTHING;
INSERT INTO practice_sessions (id, user_id, project_id, started_at, completed_at, duration_ms, max_speed, wait_mode_score, flow_mode_score, input_type) VALUES ('69cd8a5800038dc86f91', '69babe340036bc7cdebe', '69c17fa90017aba02937', 1775077961793, 1775077976056, 14263, 1, NULL, NULL, 'midi') ON CONFLICT(id) DO NOTHING;
INSERT INTO practice_sessions (id, user_id, project_id, started_at, completed_at, duration_ms, max_speed, wait_mode_score, flow_mode_score, input_type) VALUES ('69ce759f0034c21e8173', '69babe340036bc7cdebe', '69bc410a0004e037a278', 1775138153996, 1775138207844, 53848, 1, NULL, NULL, 'midi') ON CONFLICT(id) DO NOTHING;
INSERT INTO practice_sessions (id, user_id, project_id, started_at, completed_at, duration_ms, max_speed, wait_mode_score, flow_mode_score, input_type) VALUES ('69ce985700054ef908be', '69babe340036bc7cdebe', '69ce9747000ec68a1ad2', 1775146937827, 1775147095084, 157257, 1, NULL, NULL, 'midi') ON CONFLICT(id) DO NOTHING;
INSERT INTO practice_sessions (id, user_id, project_id, started_at, completed_at, duration_ms, max_speed, wait_mode_score, flow_mode_score, input_type) VALUES ('69cebe520005fe920523', '69babe340036bc7cdebe', '69ce9747000ec68a1ad2', 1775156768852, 1775156818095, 49243, 1, NULL, NULL, 'midi') ON CONFLICT(id) DO NOTHING;
INSERT INTO practice_sessions (id, user_id, project_id, started_at, completed_at, duration_ms, max_speed, wait_mode_score, flow_mode_score, input_type) VALUES ('69cec6df00046ff2e945', '69babe340036bc7cdebe', '69ce9747000ec68a1ad2', 1775158994648, 1775159007070, 12422, 1, NULL, NULL, NULL) ON CONFLICT(id) DO NOTHING;
INSERT INTO practice_sessions (id, user_id, project_id, started_at, completed_at, duration_ms, max_speed, wait_mode_score, flow_mode_score, input_type) VALUES ('69ced194001e6f960622', '69babe340036bc7cdebe', '69ce9747000ec68a1ad2', 1775161726968, 1775161748486, 21518, 1, NULL, NULL, 'midi') ON CONFLICT(id) DO NOTHING;
INSERT INTO practice_sessions (id, user_id, project_id, started_at, completed_at, duration_ms, max_speed, wait_mode_score, flow_mode_score, input_type) VALUES ('69cee43e001c1184f1a3', '69baf4d1002540488a64', '69c17fab003515219ca7', 1775166490934, 1775166526449, 35515, 1, NULL, NULL, 'midi') ON CONFLICT(id) DO NOTHING;
INSERT INTO practice_sessions (id, user_id, project_id, started_at, completed_at, duration_ms, max_speed, wait_mode_score, flow_mode_score, input_type) VALUES ('69cf27c5002c8b4a84bc', '69babe340036bc7cdebe', '69c17fb1003020e33754', 1775183704467, 1775183813712, 109245, 1, NULL, NULL, 'midi') ON CONFLICT(id) DO NOTHING;
INSERT INTO practice_sessions (id, user_id, project_id, started_at, completed_at, duration_ms, max_speed, wait_mode_score, flow_mode_score, input_type) VALUES ('69cf2801003df03e77e4', '69babe340036bc7cdebe', '69bc4794000ed743c267', 1775183852463, 1775183873992, 21529, 1, NULL, NULL, 'midi') ON CONFLICT(id) DO NOTHING;
INSERT INTO practice_sessions (id, user_id, project_id, started_at, completed_at, duration_ms, max_speed, wait_mode_score, flow_mode_score, input_type) VALUES ('69cf2c960008c079c287', '69babe340036bc7cdebe', '69c17fad00297666b725', 1775185030595, 1775185046140, 15545, 1, NULL, NULL, 'midi') ON CONFLICT(id) DO NOTHING;
INSERT INTO platform_config (key, value) VALUES ('gamification_rules', '{"levelThresholds":[0,100,500,2000,5000,15000,50000,100000],"xpPerMinute":2,"waitModeScore80Bonus":25,"waitModeScore100Bonus":50,"flowModeScore80Bonus":50,"flowModeScore100Bonus":200,"songCompleteBonus":10,"streakMultiplier":5}') ON CONFLICT(key) DO NOTHING;